-- phpMyAdmin SQL Dump
-- version 5.0.4
-- https://www.phpmyadmin.net/
--
-- Host: 127.0.0.1
-- Waktu pembuatan: 03 Jan 2022 pada 12.51
-- Versi server: 10.4.17-MariaDB
-- Versi PHP: 7.3.27

SET SQL_MODE = "NO_AUTO_VALUE_ON_ZERO";
START TRANSACTION;
SET time_zone = "+00:00";


/*!40101 SET @OLD_CHARACTER_SET_CLIENT=@@CHARACTER_SET_CLIENT */;
/*!40101 SET @OLD_CHARACTER_SET_RESULTS=@@CHARACTER_SET_RESULTS */;
/*!40101 SET @OLD_COLLATION_CONNECTION=@@COLLATION_CONNECTION */;
/*!40101 SET NAMES utf8mb4 */;

--
-- Database: `dbpemesanan`
--

-- --------------------------------------------------------

--
-- Struktur dari tabel `pemesanan`
--

CREATE TABLE `pemesanan` (
  `id_pemesanan` int(50) NOT NULL,
  `tanggal_pemesanan` date NOT NULL,
  `total_belanja` int(50) NOT NULL
) ENGINE=InnoDB DEFAULT CHARSET=utf8mb4;

--
-- Dumping data untuk tabel `pemesanan`
--

INSERT INTO `pemesanan` (`id_pemesanan`, `tanggal_pemesanan`, `total_belanja`) VALUES
(43, '2022-01-02', 20000),
(44, '2022-01-02', 10000);

-- --------------------------------------------------------

--
-- Struktur dari tabel `pemesanan_produk`
--

CREATE TABLE `pemesanan_produk` (
  `id_pemesanan_produk` int(50) NOT NULL,
  `id_pemesanan` int(50) NOT NULL,
  `id_menu` varchar(50) NOT NULL,
  `jumlah` int(50) NOT NULL
) ENGINE=InnoDB DEFAULT CHARSET=utf8mb4;

--
-- Dumping data untuk tabel `pemesanan_produk`
--

INSERT INTO `pemesanan_produk` (`id_pemesanan_produk`, `id_pemesanan`, `id_menu`, `jumlah`) VALUES
(7, 32, '9', 1),
(8, 32, '11', 1),
(9, 33, '16', 1),
(10, 33, '6', 1),
(11, 34, '13', 1),
(12, 34, '8', 1),
(13, 34, '9', 1),
(14, 34, '17', 1),
(15, 35, '9', 2),
(16, 35, '14', 1),
(17, 36, '8', 1),
(18, 37, '13', 1),
(19, 37, '16', 1),
(20, 38, '8', 1),
(21, 39, '9', 1),
(22, 39, '16', 1),
(23, 40, '10', 1),
(24, 40, '14', 1),
(25, 41, '17', 1),
(26, 41, '10', 1),
(27, 41, '9', 2),
(28, 42, '9', 1),
(29, 42, '14', 1),
(30, 42, '7', 1),
(31, 42, '17', 1),
(32, 43, '6', 1),
(33, 43, '15', 1),
(34, 44, '16', 1);

-- --------------------------------------------------------

--
-- Struktur dari tabel `produk`
--

CREATE TABLE `produk` (
  `id_menu` int(50) NOT NULL,
  `nama_menu` varchar(50) NOT NULL,
  `jenis_menu` varchar(50) NOT NULL,
  `stok` int(50) NOT NULL,
  `harga` int(50) NOT NULL,
  `gambar` varchar(100) NOT NULL
) ENGINE=InnoDB DEFAULT CHARSET=utf8mb4;

--
-- Dumping data untuk tabel `produk`
--

INSERT INTO `produk` (`id_menu`, `nama_menu`, `jenis_menu`, `stok`, `harga`, `gambar`) VALUES
(6, 'Paket 1 - Isi 4', 'Makanan', 80, 10000, 'paket 1.jpg'),
(7, 'Paket 2 - Isi 6', 'Makanan', 80, 15000, 'paket 2.jpg'),
(8, 'Paket 3 - Isi 9', 'Makanan', 80, 20000, 'paket 3.jpg'),
(9, 'Paket 4 - Isi 12', 'Makanan', 80, 30000, 'paket 4.jpg'),
(10, 'Vanilla Late Boba ', 'Minuman', 100, 10000, 'vanila late.jpg'),
(11, 'Mango Boba ', 'Minuman', 100, 10000, 'mango.jpg'),
(12, 'Thai Tea Boba ', 'Minuman', 100, 10000, 'thai tea.jpg'),
(13, ' Strawberry Boba ', 'Minuman', 100, 10000, 'stroberi.jpg'),
(14, 'Taro Boba ', 'Minuman', 100, 10000, 'taro.jpg'),
(15, 'Vanilla Blue Boba ', 'Minuman', 100, 10000, 'vanila blue.jpg'),
(16, 'Green Tea Boba ', 'Minuman', 100, 10000, 'green tea.jpg'),
(17, 'Choco Boba ', 'Minuman', 100, 10000, 'choco.jpg');

-- --------------------------------------------------------

--
-- Struktur dari tabel `user`
--

CREATE TABLE `user` (
  `id_user` int(25) NOT NULL,
  `username` varchar(25) NOT NULL,
  `password` varchar(25) NOT NULL,
  `nama_lengkap` varchar(25) NOT NULL,
  `jenis_kelamin` varchar(25) NOT NULL,
  `tanggal_lahir` date NOT NULL,
  `alamat` varchar(25) NOT NULL,
  `hp` varchar(25) NOT NULL,
  `status` enum('admin','user','','') NOT NULL
) ENGINE=InnoDB DEFAULT CHARSET=utf8mb4;

--
-- Dumping data untuk tabel `user`
--

INSERT INTO `user` (`id_user`, `username`, `password`, `nama_lengkap`, `jenis_kelamin`, `tanggal_lahir`, `alamat`, `hp`, `status`) VALUES
(7, 'Wilda112', 'wilda01_', 'Wilda Wahdania', 'Perempuan', '2002-01-01', 'desa kedungdalem kecamata', '085704197599', 'user'),
(8, 'user', 'user', 'SangDonuts', 'Perempuan', '2002-01-01', 'desa kedungdalem kecamata', '085704197799', 'user'),
(9, 'admin', 'admin', 'Sangdonuts', 'Perempuan', '2002-01-02', 'desa kedungdalem kecamata', '082141197799', 'admin');

--
-- Indexes for dumped tables
--

--
-- Indeks untuk tabel `pemesanan`
--
ALTER TABLE `pemesanan`
  ADD PRIMARY KEY (`id_pemesanan`);

--
-- Indeks untuk tabel `pemesanan_produk`
--
ALTER TABLE `pemesanan_produk`
  ADD PRIMARY KEY (`id_pemesanan_produk`);

--
-- Indeks untuk tabel `produk`
--
ALTER TABLE `produk`
  ADD PRIMARY KEY (`id_menu`);

--
-- Indeks untuk tabel `user`
--
ALTER TABLE `user`
  ADD PRIMARY KEY (`id_user`);

--
-- AUTO_INCREMENT untuk tabel yang dibuang
--

--
-- AUTO_INCREMENT untuk tabel `pemesanan`
--
ALTER TABLE `pemesanan`
  MODIFY `id_pemesanan` int(50) NOT NULL AUTO_INCREMENT, AUTO_INCREMENT=45;

--
-- AUTO_INCREMENT untuk tabel `pemesanan_produk`
--
ALTER TABLE `pemesanan_produk`
  MODIFY `id_pemesanan_produk` int(50) NOT NULL AUTO_INCREMENT, AUTO_INCREMENT=35;

--
-- AUTO_INCREMENT untuk tabel `produk`
--
ALTER TABLE `produk`
  MODIFY `id_menu` int(50) NOT NULL AUTO_INCREMENT, AUTO_INCREMENT=23;

--
-- AUTO_INCREMENT untuk tabel `user`
--
ALTER TABLE `user`
  MODIFY `id_user` int(25) NOT NULL AUTO_INCREMENT, AUTO_INCREMENT=10;
COMMIT;

/*!40101 SET CHARACTER_SET_CLIENT=@OLD_CHARACTER_SET_CLIENT */;
/*!40101 SET CHARACTER_SET_RESULTS=@OLD_CHARACTER_SET_RESULTS */;
/*!40101 SET COLLATION_CONNECTION=@OLD_COLLATION_CONNECTION */;
